nanmean_CO_2EmissionsPerCapita,nanmean_GDPcurrentInUS,nanmean_GDPperCapitaUS,nanmean_PopulationTotal,nanmean_EnergyUsePerCapitaKgOilEq,nanmean_UrbanPopulationPercentage,nanmean_EducationExpenditurePercentageGDP,nanmean_RenewableEnergySharePercentage,nanmean_MotorVehiclesPer1000People,nanmean_ElectricityFromCoalPerc,nanmean_ElectricityFromNuclearPerc,nanmean_ElectricityFromRenewablesPerc,nanmean_ElectricityFromFossilFuelsPerc,Country,Target
0.168421772992046,12970494009.4451,421.160163447698,28965247.5238095,NaN,23.8135714285714,4.19192390214829,25.4095238095238,NaN,0,0,1.44923297795063,19.2527864683125,"Afghanistan",0
1.07318996337064,721461033535.101,1301.56500682891,537419085.095238,617.175654353752,32.4556127499084,4.36017161607742,62.822415702568,NaN,69.0765014464631,3.71267541511021,1.60926388684049,73.5867448748139,"Africa Eastern and Southern",0
0.492520695470519,552098047249.921,1430.20497917778,368464374.809524,321.984858746991,41.6507832745495,2.74002621287391,79.1615418880466,NaN,0.410329826931775,0,1.98497040040004,63.1809402015417,"Africa Western and Central",0
1.52238739770911,10752783843.6908,3685.59530700714,2943197.0952381,730.492161789039,52.0411428571429,3.39206726778121,37.5476190476191,NaN,0,0,0.0628663011652053,1.24555983303597,"Albania",0
3.46149869424478,154636266675.751,4122.66742373798,36703706.2380952,1167.98754531825,67.2651904761905,5.23556854611351,0.280952380952381,104.955386331502,0,0,0.198495236657028,99.2989306767598,"Algeria",0
0.00183774355390776,587714285.714286,10846.4124842314,54518.5714285714,NaN,87.6987619047619,14.7170495986938,0.10952380952381,NaN,0,0,1.1887603464695,98.8112396535305,"American Samoa",0
0.939959794809986,66472699312.4779,2673.96048605984,23886139.3333333,453.623198032648,59.3885714285714,2.68451959746224,57.3095238095238,38,0,0,0.966693963414298,35.3048479807597,"Angola",0
2.71630089952181,1306981481.48148,15377.8326974928,84444.9047619048,1761.01242862312,27.2097142857143,2.54023956117176,0.185714285714286,NaN,0,0,0.818099835243809,99.1819001647562,"Antigua and Barbuda",0
4.2994010975198,1991182912149.61,5238.38535621426,366667891.52381,1649.85965108741,55.5211868754791,4.29468169098808,5.29404779526524,NaN,1.72828236669837,0.00656412723662781,0.500404636034747,96.1365402543387,"Arab World",0
4.1018746923852,385169838652.517,9161.65405298917,41310339.7142857,1773.92159737802,90.7515238095238,4.83027001789638,9.56666666666667,NaN,1.70289673828105,6.03128993627511,-4.60536727759847,57.9774093062576,"Argentina",0
1.61905788191662,8461419130.92313,2789.06874260474,3072190.47619048,899.223012173117,63.5907142857143,2.73033100082761,8.55238095238095,NaN,0,36.000930130156,0.100382096824423,34.1742880304482,"Armenia",0
4.01874149083505,2588244326.94556,25318.1754676249,101674.523809524,NaN,44.0878571428571,5.12088170505705,3.83333333333333,NaN,0,0,7.98532718222218,92.0146728177778,"Aruba",0
17.9739729669928,1034810004115.94,45672.1506424907,22100206.2857143,5550.80639495073,85.1544285714286,5.36251295180548,8.44285714285714,NaN,70.5226487802851,0,5.24211573043689,88.3539770662641,"Australia",1
8.50256665732644,363686759068.969,42957.8153611025,8424354.0952381,3862.3500006032,58.3481428571429,5.43137909117199,30.3857142857143,NaN,9.53557769285774,0,10.4295822297751,26.3955043980684,"Austria",1
3.48827761157255,38158360785.7379,4098.92165574362,9039720.57142857,1483.13945208886,53.5982857142857,2.93534714835031,2.62380952380952,NaN,0,0,0.370291585850305,90.2550118547581,"Azerbaijan",0
3.17501663749635,10450304761.9048,28594.5793407706,364204.095238095,2008.96941729348,82.5033333333333,2.46071305161431,1.37142857142857,NaN,0,0,0.0916367852070737,99.9083632147929,"Bahamas, The",0
25.0316645044705,25402634245.1874,21410.6665496523,1129650.28571429,10994.2562478334,88.7461904761905,2.61876522359394,0,NaN,0,0,0.0128224337344469,99.9948077051745,"Bahrain",1
0.413504622738864,152528806179.922,971.621571950296,151718650.571429,200.693538583382,30.6030952380952,2.00064889589945,41.4238095238095,NaN,1.52034508371303,0,0.788494855087702,97.4367139068535,"Bangladesh",0
2.53875067763515,4623751645.2381,16833.0021025641,273583.380952381,1453.39637369505,32.1139047619048,5.29090006010873,6.53809523809524,NaN,0,0,0.889259535003115,99.1107404649969,"Barbados",0
6.3457419484733,47069708630.3423,4953.53968958837,9574997.23809524,2790.51397734668,74.7409523809524,5.35012469972883,6.98571428571429,NaN,0.0493237837305049,0.041753756602776,0.455680607164513,99.1258575820313,"Belarus",0
10.1315038382374,442904552952.865,40426.2878235682,10889108.3809524,5147.58747072937,97.634,6.16465316499983,5.99047619047619,NaN,8.39984586268891,50.789653322226,9.77818674533321,35.9725105179281,"Belgium",1
0.596604836424791,1787800000,5559.55327969129,318331.095238095,592.788259668714,45.4119523809524,4.8845990385328,31.8571428571429,NaN,0,0,19.1930263290531,27.4470139859037,"Belize",0
0.46146064630899,9601970351.54134,932.133803274806,9930105.95238095,353.9024842139,43.1574761904762,2.93659271512713,53.752380952381,22,0,0,0.22824193554167,98.3844904482425,"Benin",0
3.72150759123817,5982048428.57143,94473.2424674183,63187.5238095238,NaN,100,1.94855162529718,0.6,NaN,NaN,NaN,NaN,NaN,"Bermuda",0
1.34494123848749,1581783268.68476,2201.96599580752,696953.571428571,329.048972480329,34.5378571428571,5.40879368782044,85.8619047619048,NaN,0,0,0.00674159116971297,0.0176150810765482,"Bhutan",0
1.4301018649449,22192940345.2853,2086.51079217572,10193518.1904762,634.901265368154,66.2443333333333,7.26179027557373,20.2190476190476,NaN,0,0,1.86816815234333,61.7226548722701,"Bolivia",0
5.43350959610465,15055744686.9596,4080.87453947171,3795163.19047619,1589.00181097929,45.5968095238095,3.37140065147763,21.6285714285714,NaN,60.8314668236234,0,0.225446369113339,61.5118583698355,"Bosnia and Herzegovina",0
2.52101612175418,11870206199.1747,5740.24964580971,2024448.61904762,1158.50976790729,61.9185238095238,9.15640111021943,30.0571428571429,120,95.9928292342338,0,0.0912815037389696,99.9200993462687,"Botswana",0
2.22500953857785,1564705320800.93,7982.14336858111,192890877.761905,1307.05785833598,84.2735238095238,5.24594835440318,45.3047619047619,NaN,3.04890218248344,2.86781891985986,8.25879015186757,13.6348118636561,"Brazil",0
1.92046993695425,NaN,NaN,28341.380952381,NaN,44.9350476190476,3.2307923294249,0.90952380952381,NaN,0,0,0.60996163600041,99.3900383639996,"British Virgin Islands",0
19.2001297446046,12439206028.9036,31542.962820344,390108.80952381,7937.80113112384,74.8839523809524,3.34959424677349,0,NaN,1.48445394501434,0,0.016879178583604,99.9784285603916,"Brunei Darussalam",0
6.74724466629662,45294613146.179,6331.88101650989,7337830.57142857,2547.2134126762,72.2851428571429,3.93179325830369,13.5190476190476,NaN,44.8658187735399,37.2785815237728,3.46139282678168,50.3399427260996,"Bulgaria",0
0.145540475492649,9988275798.88854,579.485436655564,16399811.8095238,212.140066839465,24.4813333333333,4.01640561648777,80.0190476190476,10.6786308506102,0,0,0.913512767710624,85.3267414573856,"Burkina Faso",0
0.0401182928270775,1882700596.29421,192.862049618528,9346699.57142857,NaN,10.765380952381,5.00574582531339,92.0238095238095,6,0,0,3.40304489700859,7.73699388727676,"Burundi",0
1.3581479640898,1558720896.69387,3092.37855006313,497653.047619048,198.524984227304,60.9295714285714,5.59662279628572,23.6428571428571,NaN,0,0,9.9700586160166,90.0299413839834,"Cabo Verde",0
0.418501835930535,16559292260.5518,1084.81822538338,14537530.952381,342.684721831841,20.7554761904762,1.81935369400751,68.4333333333333,NaN,15.775454868644,0,0.512345209175233,76.170218675292,"Cambodia",0
0.378930616689715,27126613412.1237,1314.75875565052,20005846.8095238,392.572617558654,51.5575238095238,2.68880266234988,81.0285714285714,13.7142857142857,0,0,-0.128355871686629,23.2197733167505,"Cameroon",0
16.8164349033771,1419301722124.36,41211.9543261442,34089568.3333333,7987.24700325209,80.7230952380952,4.89060773168291,21.6047619047619,NaN,13.0591848762381,14.7506909554584,3.7799951542482,22.7859549079295,"Canada",1
9.55139084495906,49121263226.4167,11635.377551823,4193602.9047619,4958.21303157118,48.6833042702322,3.67971234094529,8.286403697336,NaN,0,0,0.70921195646991,90.8521341808701,"Caribbean small states",0
3.87320312021323,4583320550.42506,82732.6628598639,54186.8571428571,NaN,100,2.08113048757825,0,NaN,0,0,0.414863498366205,99.5851365016338,"Cayman Islands",0
0.0542599190613563,1755227549.94126,386.22994914373,4485382.33333333,NaN,39.2889523809524,1.6546923887162,91.8238095238095,0.3,0,0,0.167142270714165,1.04297804193577,"Central African Republic",0
7.14535785629908,1187310156505.86,11426.0271530827,104547969.571429,2601.18695025189,61.9547479209182,4.72243665513538,14.1274619216563,NaN,54.2008110719777,20.2102444875351,5.54255764875886,64.1766839609834,"Central Europe and the Baltics",0
0.0737534624507147,11330582095.6671,859.338642115306,12520776.1428571,220.111408140234,22.2170952380952,2.23218292565573,79.0428571428571,6,0,0,6.59701061626984,100,"Chad",0
4.18439907009525,193552245693.046,10984.6634465159,17265458.5238095,1870.18189293988,87.0515714285714,4.33615258761815,29.152380952381,NaN,26.5867714480223,0,9.29306820353051,53.7502388358443,"Chile",0
6.2645108945065,7059101492526.64,5153.87868338629,1340257619.04762,1760.37428896061,48.961,3.35218872626622,16.4,NaN,74.6803042100017,2.46086000938962,3.03480532992489,77.3400155950077,"China",0
1.56166294986157,241309654223.19,5289.87556424895,44679094.9047619,745.77058854789,77.8628095238095,3.69927658353533,30.3571428571429,NaN,6.47533259024021,0,0.709812950302104,24.9017635289401,"Colombia",0
0.247797642878704,865858885.715603,1281.25533744125,660760.761904762,63.8998082841212,28.2594761904762,2.88504769404729,65.2666666666667,33,0,0,0,93.8656825035534,"Comoros",0
0.0418278778205168,25833949366.3166,344.345984153745,70444016.3809524,313.505860168072,40.1521904761905,1.7533293508348,96.6666666666667,5,0,0,-1.65724265885093,0.369638385959127,"Congo, Dem. Rep.",0
1.12976729812497,10471062020.9593,2267.33112140988,4422098.52380952,419.312939335143,63.262619047619,3.37826883509045,64.1428571428571,27,0,0,0.0317294988147411,35.7472935617971,"Congo, Rep.",0
1.58322265142131,38585558033.3781,8272.03577757026,4531753.66666667,944.978298896882,71.0587619047619,5.87829974719456,37.0142857142857,NaN,0,0,20.1253015845699,4.15460210793572,"Costa Rica",0
0.375572679635198,36688198047.1905,1553.75908157544,22778928.0952381,411.334878290428,47.3578571428571,3.15987191881452,69.7238095238095,19.7142857142857,0,0,0.0212755553511444,70.6218504306246,"Cote d'Ivoire",0
4.80352987334066,51123330622.5754,12172.2657923781,4221372.9047619,2126.42246948514,55.2780952380952,4.54773189907982,28.5857142857143,NaN,16.2339934375003,0,5.42762973536175,42.6076953308406,"Croatia",0
2.39729484796182,65483338101.0445,5820.06597060502,11246408.3809524,967.264270836984,76.4832380952381,10.2620662734622,24.0333333333333,NaN,0,0,3.76907374522146,95.6547824927541,"Cuba",0
6.6936974263395,21291533637.3264,26209.0974702381,1127158.33333333,2022.67605802278,67.6413333333333,6.05371718179612,7.21428571428571,NaN,0,0,4.0165008267659,95.9895341657233,"Cyprus",1
11.4306894510062,181245095875.912,17313.2103491447,10422121.8095238,4172.24992547149,73.5813333333333,4.20826620147342,11.0714285714286,NaN,57.7998463913125,30.9381666559516,4.73407740350722,60.794859050519,"Czechia",1
8.1061799496894,296060171876.735,53032.6182464929,5561354.95238095,3252.06275520384,86.6818571428571,7.82679696310134,23.2190476190476,NaN,37.8438157878147,0,41.104037854315,56.7255358199959,"Denmark",1
0.833712537569282,1538160816.56615,1566.296249081,930440.523809524,165.344881159714,77.1175238095238,6.18181111699059,30.0714285714286,NaN,0,0,0.23413255013797,99.765867449862,"Djibouti",0
0.965471402456357,493103350.970018,7159.9805808434,68843.2380952381,600.13717392153,68.0983809523809,4.40953682717823,9.95714285714286,NaN,0,0,0.664167150838118,68.302585136742,"Dominica",0
2.2085566830448,53088897944.3505,5275.04185544546,9819788.38095238,806.883601852558,72.893380952381,2.71700629450026,17.3,NaN,12.1398466127891,0,2.12653694551042,88.7667919469761,"Dominican Republic",0
2.03949956248553,7929679648017.58,2604.01680005544,2962487817.7619,793.906280540108,41.9335761610969,3.98441848300752,25.7872590845296,NaN,34.1407244947732,1.8108014225956,2.64613309724981,78.5908642002017,"Early-demographic dividend",0
5.47003983879292,17105571809440.1,7598.70979687476,2215979853.85714,1752.58131495873,51.5395904714677,3.54720534029461,15.5897347451781,NaN,57.8062104587353,7.53684914436796,3.51394080661589,74.9869466841327,"East Asia & Pacific",0
4.9055505229912,8729285760588.38,4351.10834225464,1950708415.85714,1462.13696721063,47.1985644717451,3.35382856073834,19.2123581266873,NaN,68.3705305470276,2.11937275542549,3.58093304126443,77.7620057898139,"East Asia & Pacific (IDA & IBRD countries)",0
4.87581399582912,8739973517192.89,4301.98837675259,1975643850.52381,1452.60095076768,47.3685433744277,3.35382856073834,19.1140384663571,NaN,68.2149233382243,2.10938216316582,3.56733421406017,77.5651906588235,"East Asia & Pacific (excluding high income)",0
2.23664208687364,68351595606.0649,4377.96125347692,15079311.047619,833.097489856772,62.5263333333333,3.80715480872563,15.3666666666667,NaN,0,0,1.20031779588114,40.3381039590685,"Ecuador",0
2.25050400227013,205885976088.487,2187.7588341399,90311914.3333333,792.80096622549,42.8979047619048,4.09699706804185,6.12857142857143,41.8571428571429,0,0,1.16247649655002,88.5849042307628,"Egypt, Arab Rep.",0
1.13165827099179,19149182128.5714,3134.11797994204,6087884.57142857,661.434228371193,65.7370476190476,3.62906191462562,28.8333333333333,NaN,0,0,32.9263155457333,38.0621544788958,"El Salvador",0
4.56462588672524,12005680748.0095,9596.78154919979,1199563.28571429,1214.90263587259,63.8826666666667,2.18797993659973,12.2523809523809,NaN,0,0,-15.3475566071892,77.8487980021906,"Equatorial Guinea",1
0.218297305407314,1584349693.92389,553.382880190459,2862449.23809524,273.903506666152,34.6215714285714,2.53592555295853,78.4952380952381,11,0,0,2.37975748509225,98.4558695408038,"Eritrea",0
14.4457783969274,20367921195.376,15297.6626562959,1340605.71428571,3984.52385779891,68.6310476190476,5.17438720521473,24.0857142857143,NaN,86.9177071958233,0,9.2657428675214,90.2490610948021,"Estonia",0
0.920546904592947,3565228442.41234,3179.18677724532,1112422.23809524,949.008237145273,22.796380952381,5.86738018762498,66.0047619047619,NaN,15.2103375149132,0,53.5119883623578,15.50266634327,"Eswatini",0
0.0993761397817104,41282265570.1343,408.354637921114,91465843.7619048,373.057679330171,17.6575238095238,4.77848013242086,92.952380952381,2.73809523809524,0,0,0.018965213322197,1.67362604073102,"Ethiopia",0
7.75286342273871,11703603604462.1,34472.7271400563,338435840.619048,3525.51863138134,74.9815395705854,5.08908168474833,12.9450262522834,NaN,22.2177585166794,30.4026643890255,11.7738769986563,45.4556353877766,"Euro area",1
7.78021452866218,19389715913437.2,21661.2502724231,892107604.619048,3208.65489561238,70.665330741063,4.80750667481195,10.6396623598574,NaN,24.3372291499893,22.9013071992254,7.43069852983561,52.5650046778724,"Europe & Central Asia",1
7.82676180749857,3144063552223.14,7006.17255207212,446494290.238095,2873.31324761367,65.0752631952444,3.94513693309966,6.38300494609022,NaN,28.919661932924,14.0934703615076,1.58678456687808,67.0674018298211,"Europe & Central Asia (IDA & IBRD countries)",0
5.30091966965957,1176347471914.88,5009.54597488541,232055809.52381,1883.61899733794,61.2407038827362,3.84584748177301,7.91385092818202,NaN,31.9430447804249,12.2547823178354,2.01219125529753,66.6433870183335,"Europe & Central Asia (excluding high income)",0
7.61260324086821,13393653794704.5,30386.0229261845,439771809.571429,3366.22906154102,72.9138402617316,4.99374458903358,14.0697325391567,NaN,26.3900938511314,28.9336015316384,11.2496048312685,46.5597201920949,"European Union",1
0.0400141481498873,2314024199.26483,47112.0165544405,48791.2380952381,NaN,40.4357142857143,NaN,4.66666666666667,NaN,0,0,7.58026447472436,58.0262046790459,"Faroe Islands",0
1.76528942357648,3636405135.8844,4021.6403645369,897439.428571429,618.193759987063,52.332380952381,5.08858491125561,35.6476190476191,NaN,0,0,9.75025864812061,40.8303309187956,"Fiji",0
10.6592479497282,230706110265.871,42894.4897444151,5360721.71428571,6435.96134301383,83.9855238095238,6.36685046695528,36.4428571428571,NaN,19.9459476509212,31.4165573840101,17.078686028273,31.8698573835526,"Finland",1
1.20325337647903,1299457063191.75,1569.63357481163,799294508.047619,635.988501242338,40.2100879588538,3.32795286746252,53.2240927299836,NaN,13.225389212124,16.2762858767618,0.869508423404973,55.164214870272,"Fragile and conflict affected situations",0
5.69209244715425,2404398578678.54,36974.4758072377,64743851.1904762,3964.30648421886,78.3944761904762,5.52308143888201,11.6095238095238,NaN,3.76956848389071,75.0190164790859,3.91214535780075,9.14580004172009,"France",1
3.56858098495741,5624865365.79622,20987.891014948,267058.238095238,NaN,59.5559523809524,NaN,7.88571428571428,NaN,0,0,2.20716962858418,73.4645339896597,"French Polynesia",0
3.59411290546507,12749794849.1088,7091.82921564167,1755810.66666667,2181.80209581825,85.1560952380952,3.24133914992923,83.7238095238095,NaN,0,0,0.110732600510196,48.9512577637134,"Gabon",1
0.215851809922039,1262290787.39642,636.148015079875,1950791.47619048,72.0511089552008,55.5521904761905,1.86313168207804,55.7,7.19047619047619,0,0,1.12996142370531,98.8700385762947,"Gambia, The",0
1.9987227508263,11697813990.5658,3100.54816343732,3824487.61904762,966.253293706061,55.5983333333333,2.89825235662006,36.9,NaN,0.0209461081329993,0,0.0304331153447982,17.9882918117431,"Georgia",0
9.82821663424815,3308269619014.73,40338.9630700946,82056321.4761905,3924.68509247774,76.5828571428571,4.60527257692246,11.0428571428571,NaN,44.3155021731471,20.0691983436638,16.8300215635242,57.6701899771763,"Germany",1
0.462156378381474,35527619704.7004,1287.12396759533,25596248.3333333,307.876291799512,50.6875238095238,5.21166943368458,53.2761904761905,26.5952380952381,0,0,0.25501607074985,41.0762594749458,"Ghana",0
15.4688311958638,NaN,NaN,31331.380952381,5685.71866516489,100,NaN,0,NaN,0,0,0,100,"Gibraltar",0
7.8109529037316,230119478706.519,21025.5781762423,10920364.3333333,2414.48526956876,76.2377142857143,3.862362464269,12.2142857142857,NaN,48.7641134036459,0,9.59050114593229,81.5612189529966,"Greece",1
8.22987219402885,2303393942.1946,40810.3201985649,56467.7619047619,NaN,84.4605238095238,NaN,9.77619047619048,NaN,0,0,2.67366406950135,37.7394948305229,"Greenland",0
0.877266412487498,820598333.333333,7286.75944127934,111995.523809524,710.489261713816,35.9818095238095,4.25684593972706,10.6,NaN,0,0,0.520139812057898,99.4798601879421,"Grenada",0
0.00180010214851369,4866476190.47619,29614.2626625067,164148.285714286,NaN,94.0749047619048,NaN,1.49047619047619,NaN,0,0,1.09292514462177,98.9070748553782,"Guam",0
0.92469234946065,45005992546.9085,2978.09170861869,14527176.4761905,734.687339309625,48.4680476190476,2.89303857144855,64.8571428571429,NaN,17.794963315947,0,19.4819588706853,43.5313487449338,"Guatemala",0
0.222121014617263,7481960469.05367,685.460990565748,10568733.3809524,NaN,33.7339047619048,1.99140572547913,78.0285714285714,NaN,0,0,0.175612761845242,34.5938215313425,"Guinea",0
0.188674307711868,969645794.176702,587.282834670039,1589403.38095238,65.2874405222254,40.1519523809524,1.90426577272869,88.1571428571428,33,0,0,1.29213926279818,98.7078607372018,"Guinea-Bissau",0
2.56035286775051,3058789425.39492,3990.00978154259,764065.619047619,648.312116179782,27.1761904761905,4.63122001716069,27.8904761904762,NaN,0,0,6.75670176163302,93.1831676897321,"Guyana",0
0.26340174901136,11190713457.8292,1118.95867333999,9791226.80952381,386.112392335721,47.2911428571429,1.55696909175897,78.9666666666667,NaN,0,0,0.526827427183524,71.7170076934673,"Haiti",0
0.23990174579663,502673528985.832,739.363177291489,648453698.714286,372.20272105121,32.6400864503508,3.07799453962417,79.9804170119824,NaN,0.633437363331466,0,2.28271810124644,33.6371701053968,"Heavily indebted poor countries (HIPC)",0
11.6066582678499,45450423610414.2,34050.9419377302,1327381879.28571,4801.22064301379,78.4485849489814,4.87930950664339,9.16791329004645,NaN,30.8838700924432,19.4643534347731,5.72985994803446,61.2977856957441,"High income",1
1.00843630995034,15703381588.0699,1817.64557167703,8357406.9047619,563.19144076318,51.8749523809524,5.4373326221434,50.2952380952381,NaN,0.479880873803443,0,10.8868044870329,54.3621005118057,"Honduras",0
6.14557401834385,247911508572.135,34795.912991894,7060561.9047619,1950.91072871887,100,3.74734867640904,0.166666666666667,NaN,66.2395002902493,0,0.221351289799985,99.8715945651943,"Hong Kong SAR, China",0
5.41447636509162,122704234073.838,12375.8396103956,9953488.71428571,2610.84201196505,68.4857142857143,4.79705669766381,11.2238095238095,NaN,19.5494302462646,43.2097751130311,6.5006731570204,49.1868377922855,"Hungary",1
4.00144706733737,19073497487444.6,4184.00166190754,4440778179.7619,1344.36970226995,50.0679024265337,4.00254182588486,18.2390109835671,NaN,48.8295860006845,4.8668913295996,3.08079315888115,71.6440895910739,"IBRD only",0
3.14866647014129,20615045283985.8,3390.26523340202,5886351383.14286,1124.60146019355,45.9328694555715,3.67355451697395,23.8525009772445,NaN,46.7478428795183,4.67641763104553,3.06808489613229,71.0268656131268,"IDA & IBRD total",0
0.8911436668889,753937862801.829,1420.29293829851,508124104.904762,460.186062707129,38.8670985623426,3.32450864428566,60.2855151634645,NaN,4.15164442807187,1.96541479729043,3.69411529612677,69.247259134569,"IDA blend",0
0.33930862320041,787712574607.261,801.683738310385,937449098.47619,341.703657806592,30.1229837811837,3.15984286864599,71.2829455462709,NaN,4.79153715852963,0,1.90765047402494,49.2458576908903,"IDA only",0
0.534503415703121,1541603728551.06,1019.39404445612,1445573203.38095,386.623739913567,33.1991543600322,3.1679801259722,65.6299567451733,NaN,4.50496566553736,0.890924376439,2.72176009742428,58.5750822437139,"IDA total",0
10.5901604600426,16779104240.0244,52021.4050040195,318171.80952381,15141.4051674469,93.3577619047619,7.29407664707729,72.5047619047619,NaN,0,0,25.1346769415034,0.0288162290813143,"Iceland",1
1.38545857312305,1561390065533.53,1215.12099634584,1239396387.80952,524.465196765668,31.0505238095238,3.77401483626593,38.6761904761905,NaN,70.5809982872317,2.66565826996848,2.810315157042,80.8905907081246,"India",0
1.80517715933015,644916721858.638,2534.53017321856,246177884.619048,683.10481239148,49.6109047619048,2.54123636228698,34.3714285714286,NaN,47.270373586786,0,9.42309634188611,86.05917905391,"Indonesia",0
7.08280100728795,354287942841.003,4499.81465991727,77245080.952381,2600.54833823433,70.3797142857143,3.66079239618211,0.90952380952381,NaN,0.241207433182157,0.765534471838943,0.0860020300784974,93.378039435949,"Iran, Islamic Rep.",0
3.65959896087652,132919308786.396,3857.91137026505,32480447.5714286,1079.45327469231,69.3751428571429,NaN,1.06190476190476,NaN,0,0,-0.337641654853448,93.3425946109744,"Iraq",0
9.33506796395958,253319137978.328,55570.5176859181,4464532.85714286,3148.68022545988,61.4821428571429,4.53180284727187,6.2047619047619,NaN,24.9733109226602,0,14.908945393831,81.1623566070749,"Ireland",1
8.70800519315961,245260636183.876,31006.9779614749,7672447.61904762,2769.08658665331,91.8544285714286,5.79918566204253,5.86190476190476,NaN,57.0297472894519,0,1.23821610919542,98.7097651934072,"Israel",1
6.98543184170616,1918016895659.96,32383.3060492441,59079008.8571429,2815.04410000262,68.6837619047619,4.26280570030212,11.8619047619048,NaN,14.0749425515602,0,12.3801202084999,70.3397266487763,"Italy",1
3.25726029698544,12781520324.0113,4650.01104668128,2739398.14285714,1108.78906529798,53.8628095238095,5.4619273912339,8.89047619047619,NaN,0,0,3.34742187919265,93.9043427507942,"Jamaica",1
9.7205321200153,5014949559462.06,39355.4603768244,127419095.238095,3700.22427814545,88.2611428571429,3.35423797652835,5.18571428571429,NaN,28.3828541716551,15.3047009257876,3.84169236128816,69.9869811180857,"Japan",0
2.86839257775698,26277919651.7849,3190.90674443481,7736878.95238095,948.419450317363,85.1715714285714,3.94139804158892,3.64761904761905,NaN,0,0,2.78488568393516,96.9400265695351,"Jordan",0
12.4344380940305,126575192678.078,7205.04461314642,17095813.8571429,3529.25822592225,56.8361428571429,3.22124474389212,1.82380952380952,NaN,72.0029497702456,0,0.234723418843852,89.0113354078524,"Kazakhstan",0
0.311688192162489,48735379860.7229,1091.59123639627,41473639.9047619,481.600979396195,23.7090952380952,5.37894439697266,74.6190476190476,21.3371175820944,0,0,27.5833391962881,25.9109933713534,"Kenya",0
0.553671908907978,158524528.254884,1435.21662285657,107654.857142857,100.718203474661,48.0424285714286,12.7300644375029,48.5,NaN,0,0,6.45747233774147,93.5425276622585,"Kiribati",0
2.5873193222257,NaN,NaN,24964518.3809524,704.245258465221,60.5839047619048,NaN,12.6238095238095,NaN,40.5283568675815,0,0.164284023456767,44.0829802372364,"Korea, Dem. People's Rep.",1
11.6313188480372,1168524665431.29,23363.6609096912,49586372.8095238,4768.85585011243,81.3230476190476,3.96370115734282,1.71428571428571,NaN,41.3871657279643,31.758922444072,1.17492348369651,65.447601400398,"Korea, Rep.",0
27.6586697652696,108759326465.016,34929.5046096137,3075853,10000.1027683148,99.948,5.43396913437616,0.00952380952380952,NaN,0,0,0.0186095070714663,99.9631879246209,"Kuwait",1
1.36236983849658,5098355498.85301,874.47824734255,5617695.52380952,573.695183992174,35.6093333333333,5.76235819998242,26.7714285714286,NaN,7.09112908712588,0,2.89090267791052,11.114090974953,"Kyrgyz Republic",0
0.940109582777972,8855013997.59037,1319.03917560231,6350373.85714286,479.323205087639,29.8332380952381,2.35853330861954,64.7666666666667,NaN,8.56740850655739,0,1.53889717143275,8.56740850655739,"Lao PDR",0
5.8861121956828,13400320089839.5,6023.17199295932,2183157985.52381,1895.42747308879,55.0411123841071,4.17546298390343,16.0108106203376,NaN,51.4200203247055,4.69289614687684,3.20158456642225,70.2421420181709,"Late-demographic dividend",0
2.77815559296829,4468547680171.37,7501.93779054968,586295323.904762,1296.75321357094,78.4661455277898,4.3082509296281,29.1263841540911,NaN,5.43029163502371,2.29964249759281,5.01740624865517,41.1621739454607,"Latin America & Caribbean",0
2.53153708795649,3761784686725.41,7090.56093030863,522280790.52381,1205.11178178551,77.7783335637796,4.4521784328279,30.4626473005952,NaN,4.80709528452668,2.78294627039965,4.99657549463616,39.9079005106582,"Latin America & Caribbean (excluding high income)",0
2.77382995018979,4282975066298.84,7385.34796277568,570497114.666667,1299.89028800606,78.398330402705,4.1761205082848,29.3633383084226,NaN,5.41067985869524,2.38255439299728,5.09850461296689,39.159922123201,"Latin America & the Caribbean (IDA & IBRD countries)",0
3.76574238720737,23591958116.497,11468.8508973091,2112438.61904762,2084.9997259391,67.9676666666667,5.16805022103446,37.4190476190476,NaN,0.224768922049544,0,7.03584050246143,39.984311926175,"Latvia",0
0.271937115770192,684672962480.196,754.102077639279,864095088.571429,321.924445333529,29.6332279158309,2.93546804927644,76.3536699992312,NaN,2.69936475158059,0,1.29477351915512,47.2281811016608,"Least developed countries: UN classification",0
3.9692493672569,35136099295.5854,6492.95113283724,5257323.33333333,1225.38656719114,87.3811904761905,2.31345308735257,5.41428571428571,NaN,0,0,0.127966340259484,94.8953359617771,"Lebanon",0
0.259106705986439,1891035709.45599,919.846279869895,2045549.95238095,11.136764753901,24.5540952380952,9.34358070010231,49.5761904761905,NaN,0,0,0.0562998525045064,0.0900681657640509,"Lesotho",0
0.21021743608394,2133911447.61905,499.740868979345,4029955.28571429,NaN,47.9717619047619,1.87438022522699,90.4142857142857,3,0,0,0.356026894008203,69.800443493385,"Liberia",0
8.9122457561207,56315734724.0163,8963.4432652343,6219958,2950.29082929814,78.2315714285714,2.26416993141174,2.78095238095238,278.857142857143,0,0,0.0152334581492254,99.9844490243686,"Libya",1
4.43220499099041,37006232184.1037,12245.0592527528,3117874.14285714,2574.39732420829,67.0510476190476,4.82386473246983,23.5571428571429,NaN,0.0069693365427738,35.219134935156,16.3182662674123,29.5653877684848,"Lithuania",0
2.89120077447746,18093965539642,3143.89558788343,5560884094.80952,1012.73136220849,45.2287418239759,3.565309882164,25.8959543627101,NaN,50.4974925368187,3.1649079427019,3.23671254586025,72.3936779378738,"Low & middle income",0
0.441673086625949,277710204014.549,626.138118314288,432672424.238095,381.855933952276,32.7719058552852,2.98342316207431,64.3408516718889,NaN,9.24285518617275,0,0.647810280011338,50.9951283885249,"Low income",0
1.16080058929808,3652417024842.5,1376.59960000374,2550157523.7619,493.054047417246,34.954085541089,3.42026979298819,45.1999785170493,NaN,44.4641664974565,1.7339500135584,3.23399766705292,75.6177329738531,"Lower middle income",0
20.1755835078276,51943089876.5244,97935.5419586323,519056.904761905,7691.83719201018,88.307380952381,4.3052198659806,6.8952380952381,NaN,0,0,10.3010388101451,48.1628122184219,"Luxembourg",1
3.74808794279422,29467667654.8586,50052.8510899032,552304.761904762,NaN,100,2.80228951999119,5.57619047619048,NaN,NaN,NaN,NaN,NaN,"Macao SAR, China",0
0.10538847654391,9681059021.04257,421.457467826181,22370607.2380952,267.06256484496,32.1851904761905,2.77051216080075,84.3952380952381,20.3333333333333,9.87279550524346,0,1.67322446269693,45.2532814909042,"Madagascar",0
0.293258467307978,7635734764.14009,495.228769901319,15038771.8571429,NaN,15.7294285714286,2.91058874130249,79.9714285714286,8,0,0,3.41177711043493,6.35313219992876,"Malawi",0
7.23143858365276,236529245939.38,8013.01735776251,28545271.7619048,2558.80105753225,70.3129523809524,5.30384002413069,3.63333333333333,NaN,32.100641898148,0,1.0167490883948,90.2723580329497,"Malaysia",0
3.3086848547272,2730200397.83016,6852.47788967411,372151.333333333,869.953002966655,35.6972857142857,4.60164155278887,1.57142857142857,NaN,0,0,1.19670698331513,98.8032930166849,"Maldives",0
0.146929860069005,12507850570.8955,733.333765759747,16170595.1904762,NaN,36.0442380952381,3.48456094378517,80.5857142857143,12.047619047619,0,0,2.92539562310593,40.7208078747558,"Mali",0
5.38755735223013,9553194487.84423,21776.6696635879,428327.952380952,1823.72416793152,93.9152857142857,5.60023696081979,2.93333333333333,NaN,0,0,3.42983506999116,96.5702964400996,"Malta",1
0.00220960809917082,168720623.809524,3433.41635390619,49883.2857142857,597.381812036611,73.4295238095238,10.7219447408404,14.6761904761905,NaN,0,0,0.936881556108426,99.0631184438916,"Marshall Islands",0
0.651984260288426,5084346282.74663,1401.51978488619,3475211.57142857,NaN,46.6005238095238,2.1244709718795,33.652380952381,NaN,0,0,5.27993231665712,94.7200676833429,"Mauritania",0
2.79899895790824,9771328911.40458,7821.33402523024,1242071.14285714,1025.98610405483,41.5910476190476,3.91270575069246,13.7380952380952,157.302914666808,35.6626907592179,0,19.5287644605209,76.63490933406,"Mauritius",0
4.07450355900947,1074199883023.98,9419.96671231982,113311064.857143,1575.82694488771,77.7847619047619,4.57414931342715,10.052380952381,NaN,10.4265621238382,3.68453505380522,4.79314137438734,80.3482263931647,"Mexico",0
0,297040099.525791,2706.46730178554,109905,NaN,22.4264761904762,10.2084834916251,1.51904761904762,NaN,0,0,1.67039480821653,97.1648019268563,"Micronesia, Fed. Sts.",0
3.73511348218994,2780200706305.94,4298.77607765057,625128103.904762,1455.84804458834,51.5848572192494,4.42851811363584,7.99608660639384,NaN,4.29512552158029,0.487048094384694,0.609737340861576,93.5540385303572,"Middle East, North Africa, Afghanistan & Pakistan",0
2.44927008434203,1384055203444.77,2346.92181653742,572877355.190476,949.793849628543,48.6042453060105,4.01076092606499,11.6602214427623,NaN,2.52282103584902,0.849677329180333,0.913375906179542,89.0284445678021,"Middle East, North Africa, Afghanistan & Pakistan (IDA & IBRD)",0
2.44927008434203,1393919908206.68,2347.74051163522,576683931.619048,949.793849628543,48.7728095330958,4.08222044649578,11.6728346757817,NaN,2.52131476939266,0.849168907912182,0.915032029719736,89.0327599286517,"Middle East, North Africa, Afghanistan & Pakistan (excluding high income)",0
3.09692686090044,17818441095582.7,3364.7342793597,5128211670.57143,1054.23516795334,46.2863484847178,3.74719930262793,24.7355013952697,NaN,51.0074966508445,3.20452733544265,3.26323475627824,72.6549391013325,"Middle income",0
2.85854374063755,6386298771.97255,2279.87176586159,2839684.0952381,1248.22015765012,42.9077619047619,6.53537679853894,14.6428571428571,NaN,0.483363521780562,0,0.259084565138433,93.9030369804088,"Moldova",0
5.46860389937759,7497553395.8507,2548.05001216575,2789432.14285714,1415.47266279984,65.2185238095238,4.93638123784746,4.17142857142857,NaN,93.4928228663216,0,1.78953913200126,97.5706701074431,"Mongolia",0
1.59519723108938,93506084549.7651,2794.14515904018,32493023.1904762,512.600895099748,58.1083809523809,5.03519093422663,13.9285714285714,66.6190476190476,59.0686900020654,0,5.07644729233979,86.1932916579803,"Morocco",0
0.186049192792885,11934773697.9969,496.812648954301,23572027.047619,379.687939504984,32.3149047619048,4.80375780378069,85.9714285714286,11.1428571428571,0,0,-0.0661945597531937,5.02511786770424,"Mozambique",0
0.321801548909598,41180150684.1918,815.623038148322,49193595.4285714,331.588332162609,28.9392857142857,1.38884721448024,75.6238095238095,NaN,7.28209609766721,0,7.14654874512493,44.1800264327731,"Myanmar",0
1.4634448331776,9392188140.19316,4217.13883619355,2181862.71428571,686.163006809634,41.8071904761905,7.91020710127694,32.2142857142857,107.817554611957,2.3913094398707,0,2.43127329599661,2.83684830170241,"Namibia",0
0,65111975.7560236,6043.63797151184,10496.619047619,NaN,100,8.01767735254196,0.19047619047619,NaN,0,0,0.988362284049045,99.011637715951,"Nauru",0
0.239245580243602,17467520134.0859,633.795306596544,27009928.6666667,394.880087331188,16.8823333333333,3.54439296041216,85.4238095238095,NaN,0.415255082820518,0,0.764200729705775,0.734120574699308,"Nepal",0
10.4330324438925,775933349202.751,46456.1364649622,16643035.7142857,4543.27859440122,86.0977619047619,5.18985282807123,4.56666666666667,NaN,26.6623338951549,3.66442404102751,10.3379641554967,84.0611637009515,"Netherlands",1
13.7649892845342,7938229653.18887,29994.446385622,260645.857142857,NaN,66.7866190476191,NaN,5.59047619047619,NaN,18.230314392939,0,2.05764793435139,82.0216057150462,"New Caledonia",0
8.0302505608028,146684953527.556,32747.7146370001,4386409.52380952,4196.60872026911,86.3022380952381,6.17825875963484,27.9190476190476,NaN,6.55273228422414,0,17.4681167139987,26.2897980435685,"New Zealand",1
0.827864687218032,9252952185.01233,1575.32840062101,5756718.19047619,555.52789200633,56.9610476190476,3.71049191838219,52.8714285714286,NaN,0,0,29.6319756399445,59.7790157638989,"Nicaragua",0
0.082223425392729,7715539537.14968,429.074490173369,16961335.4285714,135.144680963695,16.2808571428571,3.04327898933774,82.8809523809524,6.71003403751936,59.5247264457868,0,2.09211962289154,98.8147485960943,"Niger",0
0.644293948938053,321274514206.021,1821.11302820978,168140156.857143,311.076081392267,43.4477142857143,0.473659668649946,83.547619047619,31,0,0,3.56073703596298,75.2020124382838,"Nigeria",0
17.5827413160027,17028460103886.3,49263.5676357897,342643909.47619,7296.99350676174,80.8024433292057,5.52066689445859,9.13951201042684,NaN,37.9117088702557,18.7222190033868,5.06489856578583,62.3209841244931,"North America",1
4.58047707611466,8781859977.67409,4537.63656565016,1953607.23809524,1430.10522736693,57.6319523809524,3.32402992248535,18.9047619047619,NaN,70.4328813913453,0,1.0665985953857,77.2591058884823,"North Macedonia",0
0,1045142857.14286,18614.1317534499,56656.0952380952,NaN,90.96,NaN,0.0142857142857143,NaN,NaN,NaN,NaN,NaN,"Northern Mariana Islands",0
9.27467249268665,371364936145.884,74998.0409503623,4909850,5799.15923497813,79.3575238095238,7.19653288523356,57.8380952380952,NaN,0.10306988631638,0,1.54511806820105,1.47157025853366,"Norway",0
10.0958752899861,43456609567855.6,33505.2846748177,1289287032.85714,4187.87031686658,78.6755645597081,5.10374396187919,10.4740079090303,NaN,32.5316517283184,19.9792147938396,6.62021606899844,59.0192983070922,"OECD members",1
16.749633876901,60714025636.2623,18024.5206569787,3266500.66666667,5375.99884229973,77.0087619047619,4.49029328709557,0.00476190476190476,NaN,0,0,0.0368246983286957,99.9664787054989,"Oman",0
4.77012107496607,109688590859.028,9715.88770141016,11111008.3809524,1989.9829987421,53.2650784525442,5.45074767158145,38.6615945988283,NaN,24.1435984381744,0,11.2118419428813,52.3242550751725,"Other small states",0
1.84651361418508,7144263041.82677,3037.86046914258,2307520,393.297035678259,36.7819092577142,NaN,33.5163762008517,NaN,0,0,7.12995616412064,60.5730437032613,"Pacific island small states",0
0.805711601437793,217029394618.229,1068.18927590641,196604749,432.48148955381,35.0151428571429,2.02660181692668,46.9142857142857,NaN,2.98824854501289,4.32323531927972,2.60431027472754,66.0933127388469,"Pakistan",0
92.4299602048072,215854433.333333,11726.6317316927,18587.0952380952,4814.38338030015,74.8601904761905,5.71865768092019,0.204761904761905,NaN,0,0,1.23813565263776,98.7618643473622,"Palau",1
2.32870938474691,36006665280.9524,9430.95508262287,3639197.9047619,931.272111670169,65.2054761904762,3.59023376305898,23.2952380952381,NaN,2.95745568556971,0,5.12181695291485,38.160932199683,"Panama",0
0.672749657436381,14240892857.0102,1730.95428759073,7646728.33333333,NaN,13.0991904761905,1.59889334440231,57.3,NaN,0,0,6.71619807110439,60.0323960290016,"Papua New Guinea",0
0.935610137123852,25186031564.5275,4212.3412344217,5802707.9047619,866.469313224023,59.1310952380952,3.21773697081066,64.5238095238095,NaN,0,0,0.110671151112636,0.00234912624484194,"Paraguay",0
1.44246048971631,140536358155.833,4685.98403129423,29360212.5714286,624.987487299254,76.1293333333333,3.24127143905276,33.2285714285714,NaN,2.07912400370832,0,1.91134945901231,35.2048157112954,"Peru",0
0.978526135091503,214402607601.031,2137.36752589133,96382378.3333333,466.8483326193,46.0472857142857,2.90626318114144,31.5047619047619,NaN,38.2226645056047,0,16.773393521989,70.2547174374532,"Philippines",0
8.32674102835628,426082149204.897,11204.170774099,38068425.5714286,2539.40393764974,60.8858571428571,4.99568905149187,9.98571428571429,NaN,86.1645112630495,0,6.42532348608652,91.4747452196835,"Poland",0
5.39381654120657,208542938648.007,19981.052134335,10431656.8571429,2249.97187498853,60.4931428571429,5.04685410999117,24.8380952380952,NaN,24.451279736129,0,19.4265234671016,57.2538089129786,"Portugal",1
11.3376202410481,41047802947243.4,38098.5161326653,1072641556.57143,4764.4619463306,79.4800205153919,5.09296308244978,9.94175039294275,NaN,32.3677939385979,21.7587563314753,6.54757371252284,58.0306613703684,"Post-demographic dividend",1
0.490485622854677,949564234668.346,1187.07500147238,763334449.857143,395.567567576938,37.1606983009608,2.90608927465621,75.381332406892,NaN,0.383415086442026,0,2.05925727042969,55.902241434583,"Pre-demographic dividend",0
4.47351747068117,92094755061.9048,25448.6386937401,3648272.61904762,NaN,93.8853333333333,6.34494002660116,1.05714285714286,NaN,13.0014703189151,0,0.972835858090754,98.6010024573193,"Puerto Rico (US)",1
48.0670156171472,112928344777.603,64241.1672023412,1619430.42857143,17734.567488762,98.1416666666667,3.60110191504161,0.0571428571428571,NaN,0,0,0.111033554754105,100,"Qatar",1
4.46751419937758,156753198727.776,7790.69543749396,20533136.7619048,1728.46143855576,53.5890476190476,3.41070906321208,20.4761904761905,NaN,33.3568906235877,15.3519869570976,5.61706204240506,51.6424231681526,"Romania",0
12.2082755970894,1288529740679.43,8886.51249186198,144277714.904762,4753.708437071,73.8045238095238,3.86226122719901,3.40952380952381,NaN,16.883486382251,16.7496827784405,0.177494340003713,65.4446994208312,"Russian Federation",0
0.0873651805937423,5955782706.16008,543.104198933232,10397324.6190476,363.48666305186,16.8485238095238,4.0031263203848,87.3809523809524,4.42252824079593,0.719628746106205,0,8.53078703591974,48.0528883657715,"Rwanda",0
1.39951604968023,636803921.275315,3228.91967797522,194695.333333333,303.89149409367,20.0591428571429,4.52880206562224,43.4285714285714,NaN,0,0,5.02340443969725,59.4479860106319,"Samoa",0
0.618420370491889,219964364.705237,1160.30703492772,180915.523809524,253.833468646203,64.5340952380952,5.49171829223633,44.747619047619,2,0,0,0.133543325603754,49.5806861883619,"Sao Tome and Principe",0
18.4610510285809,537766272315.011,20771.4487703874,24581531.952381,7201.28140171693,82.0782857142857,5.63220255715506,0.00476190476190476,NaN,0,0,0.0133533298989935,99.9809034436335,"Saudi Arabia",0
0.55226692284801,15583296251.5827,1165.7874599208,12960181.0952381,273.210555488994,43.8646666666667,4.1379276286988,42.3571428571429,21.2380952380952,2.28663959538906,0,2.04049635733041,93.5878450337945,"Senegal",0
10.5980245698389,1153902086.29945,12840.0585582547,88650.8095238095,2526.88870831557,53.5956190476191,4.18085860638391,1.1047619047619,138.682425624522,0,0,0.90758775085573,99.0924122491443,"Seychelles",0
0.128552473545487,4517737742.22739,690.412597946444,6239044.71428571,NaN,38.9701428571429,3.74780578272683,81.7904761904762,5.76190476190476,0,0,1.37781913393931,49.2241449897865,"Sierra Leone",0
9.88864723791295,230795255578.593,44785.1433178748,4949065.0952381,5407.86439657676,100,3.08946375619797,0.595238095238095,NaN,0.425105322464103,0,3.80990618647032,97.248965261308,"Singapore",1
7.1453913610838,80531365238.3413,14889.210887385,5402823.04761905,3296.58755800173,54.7846666666667,4.01736237889244,9.80952380952381,NaN,15.3068805583313,54.9213251583173,3.8701111747076,25.0547582295317,"Slovak Republic",1
7.94239278937576,42610058120.3676,20842.5114463347,2037851.71428571,3469.06724488495,52.7042857142857,5.38002631777809,19.5428571428571,NaN,31.731893672492,36.476857494607,1.98588502563812,34.7146980007424,"Slovenia",1
5.55053848094429,165954117127.272,9296.59917003119,17612131.2857143,2521.60007284991,50.0227565885533,5.15115567616054,29.4859223286966,NaN,17.7616677496752,0,8.68551118385552,61.4601235698859,"Small states",0
0.585845191641218,962163885.760084,1629.21004729793,563351.190476191,127.150154532,20.1185714285714,7.17998095542665,48.3142857142857,NaN,0,0,3.17078465572186,95.7978514911863,"Solomon Islands",0
0.0646191213795226,4992932166.43834,393.62647721762,12325325.3809524,NaN,39.3997142857143,NaN,93.8857142857143,NaN,0,0,1.44811779033125,98.5518822096687,"Somalia",0
8.33477953160267,319863937863.44,5971.31857675962,52994032.4285714,2346.06706495957,62.171,5.077361424764,9.8,155.405909294884,91.4584009523398,5.06287653143295,0.750830288551158,91.8961692668456,"South Africa",0
1.25376325609298,1790345385647.29,1199.97879336426,1439890747.28571,487.201955188622,30.5528050722472,2.97620943046751,40.3916074233026,NaN,66.6674343955736,2.51204614961941,2.68406843331677,80.6675914352459,"South Asia",0
1.25376325609298,1790345385647.29,1199.97879336426,1439890747.28571,487.201955188622,30.5528050722472,2.97620943046751,40.3916074233026,NaN,66.6674343955736,2.51204614961941,2.68406843331677,80.6675914352459,"South Asia (IDA & IBRD)",0
6.76968961800376,1229687500806.59,27033.1445916955,45115375.8095238,2823.01127271788,78.4458571428571,4.35791619618734,12.7619047619048,NaN,19.2946707017258,21.3869571396488,16.6991639994193,49.486960397754,"Spain",1
0.785036816708911,54647010133.2354,2600.14719359765,20696675.3333333,467.427707603458,18.3277619047619,2.19828206120115,56.5476190476191,NaN,12.5623441136253,0,2.27776102418895,58.8175896115289,"Sri Lanka",0
1.78783927340666,767926533.941349,16415.6340229615,46664.1904761905,1699.56491136511,31.4885714285714,3.45511131059556,7.87142857142857,NaN,0,0,1.98325325454563,98.0167467454544,"St. Kitts and Nevis",0
0.930817408475565,1464155500.88183,8553.17495787922,169945.476190476,740.984015166407,20.9884285714286,4.04979042779832,14.947619047619,NaN,0,0,0.471362741820746,99.5286372581792,"St. Lucia",0
0.747327198922104,696429497.354497,6401.5665682106,109485.952380952,604.875702254034,49.0153333333333,5.85184827305022,5.31428571428571,NaN,0,0,0.30482289281837,82.7610627469087,"St. Vincent and the Grenadines",0
0.834659736789673,1273236087562.1,1353.62157964984,905883459.904762,500.986082816868,36.1958705353332,3.24519895371937,69.7817507836488,NaN,58.1319710511755,3.11914170156855,1.59160458867508,72.2171667441091,"Sub-Saharan Africa",0
0.834659736789673,1273236087562.1,1353.62157964984,905883459.904762,500.986082816868,36.1958705353332,3.24519895371937,69.7817507836488,NaN,58.1319710511755,3.11914170156855,1.59160458867508,72.2171667441091,"Sub-Saharan Africa (IDA & IBRD countries)",0
0.916949527683052,1230812402407.56,1458.60706912348,814328965.333333,517.118551454283,38.2744885838882,3.18372448853084,67.5861165274984,NaN,59.0555815769214,3.16886293719915,1.64532508945612,73.3274741663878,"Sub-Saharan Africa (excluding high income)",0
0.425867944914054,39140730649.1696,960.751512799945,35994342.952381,466.554417145661,33.4004761904762,1.73176881245205,66.7333333333333,27,0,0,2.18901587975096,46.486112517778,"Sudan",0
3.50198318636845,3214999394.75041,5735.96544358402,549054.428571429,1397.76349228251,66.3421904761905,5.52101407732282,19.8333333333333,NaN,0,0,-3.57695118647249,40.9293993400591,"Suriname",0
5.24291862570797,461910727337.094,48520.6304530886,9459610.57142857,5240.16970252891,85.4996190476191,7.01528810319446,44.9761904761905,NaN,1.30382298978788,41.8600284265707,11.0682139693501,2.56304631187219,"Sweden",1
5.5411740161455,562538708768.431,70631.8564496363,7863746.0952381,3235.1650374793,73.6060476190476,4.96041954131354,21.0666666666667,NaN,0,38.1543995212126,3.0157003661211,1.33868458712968,"Switzerland",1
2.22483021962186,30145299349.6752,1473.3633023621,19962727.9047619,812.373941969941,53.6516666666667,5.12725491977873,1.64285714285714,NaN,0,0,0.202537577114566,92.1725301053766,"Syrian Arab Republic",1
0.556018152300621,5245516041.12594,638.085096672517,7809219.57142857,325.835817229301,26.688,4.1075629279727,54.5761904761905,NaN,1.86414573790741,0,0.573987446970051,3.11728533604488,"Tajikistan",0
0.187253682997444,34556782848.0942,732.761428106399,45919839,415.091793968622,28.311,3.75862308910915,87.3952380952381,7,0.850970885673717,0,-2.08723781146401,46.9664216406995,"Tanzania",0
3.56484649660543,319649789048.135,4621.70605234368,68136138.4761905,1668.58035548928,42.5307142857143,3.84665523256574,22,NaN,19.1917084057279,0,7.42332587354033,90.8754935983095,"Thailand",0
0.416365179274618,1027352225.93897,903.268668548771,1074377.52380952,61.1218617255506,27.763,7.75957691101801,31.1476190476191,NaN,0,0,0.14084624384647,99.5333733491498,"Timor-Leste",0
0.257399255563393,4763208686.22767,680.100601582515,6786741.42857143,418.391364352562,37.6689047619048,3.06262358029683,76.2952380952381,2,0,0,32.5301941815663,68.287768874246,"Togo",0
1.24701534535944,355005921.084611,3347.49967415088,105822.80952381,532.889351989277,23.2147142857143,4.53449127787635,1.89047619047619,NaN,0,0,3.85117068954811,96.1488293104519,"Tonga",0
25.1188433497824,20436423301.166,15314.7117620478,1332985,12480.0885308577,54.2112380952381,3.67971234094529,0.495238095238095,NaN,0,0,0.183547532382504,99.7940371298106,"Trinidad and Tobago",0
2.42552623871042,39008726395.2061,3576.48740172911,10826391.4761905,885.076287798919,66.6150952380952,6.29424220039731,13.4809523809524,114.139780660577,0,0,1.25365826512242,97.5414968257698,"Tunisia",0
4.26156057225568,659550102298.1,8798.21244146854,73753319.5238095,1451.40070411577,70.6758571428572,3.28023882820493,14.1095238095238,NaN,29.3181232995505,0,4.15169252844116,72.5810590286273,"Turkiye",0
10.3150407016922,24079146564.6482,3996.33879651317,5650130.14285714,3568.16489077214,48.7666666666667,3.09680323373704,0.0952380952380953,NaN,0,0,0.00095777330777345,99.9806328936329,"Turkmenistan",0
1.8462695925207,759978819.047619,24337.4861428702,30487.6666666667,NaN,89.834,3.27045734155746,0.380952380952381,NaN,0,0,0.0736932756469735,99.926306724353,"Turks and Caicos Islands",0
0,32817709.6862572,3122.44707956363,10382.380952381,NaN,54.7557619047619,3.45019006729126,1.7952380952381,NaN,0,0,6.10587373571928,93.8941262642807,"Tuvalu",0
0.110881464766582,21192461773.9013,601.85143785109,33025368.1428571,425.775451896343,19.5649047619048,2.78896371807371,93.3952380952381,7.23809523809524,0,0,4.96954402944566,11.2925780183229,"Uganda",0
6.48908725999445,116638000209.557,2568.55860828218,46750600.1428571,2535.90185525988,68.4367619047619,5.69672391528175,3.4047619047619,NaN,33.5060413195286,48.0200999215312,1.04606353660286,45.0246699385924,"Ukraine",1
24.4842884785755,285896363988.46,41400.7965383308,6670430.38095238,9370.04932913927,83.9194761904762,3.86611327670869,0.180952380952381,NaN,0.0252816879428197,0.0621118012422362,0.417820211045191,99.5218101912684,"United Arab Emirates",1
7.68532138614097,2556383577168.36,40589.9962142058,62785337,3169.69033042034,81.2658095238095,5.11364446367536,4.64761904761905,NaN,26.1284050746958,19.4000568544832,12.5846258940567,65.1130698689481,"United Kingdom",1
17.6684379419854,15603176333333.3,50148.6921402203,308491153.619048,7220.22594678508,80.8079523809524,5.94971200398036,7.59523809523809,NaN,41.5734729891115,19.309948813057,5.25664368154635,68.1649640589979,"United States",1
5.03061499336062,14166000928133.9,5372.34809836253,2578054146.80952,1607.19945878372,57.537996273859,4.02032524063474,17.3530836317269,NaN,52.6807400440687,3.59162180848486,3.26860136901032,71.8709695254866,"Upper middle income",0
1.96958231466952,39925842663.4643,11928.9112917701,3327394.23809524,1217.20427274492,94.1390952380953,3.58139832814535,49.4619047619048,NaN,0,0,18.0069527391938,12.9319289038904,"Uruguay",0
4.44549387470158,44769549504.6885,1495.67167067051,28656160.6190476,1528.11785446442,49.5810476190476,5.68235965002151,1.20952380952381,NaN,4.31233625984384,0,3.07257927457374,88.4943284838163,"Uzbekistan",1
0.605702819592668,615788143.894401,2488.02229755481,239302,154.182017210258,24.0154761904762,6.12673543748402,42.4666666666667,NaN,0,0,8.08999190038597,85.7730698817357,"Vanuatu",0
5.53202399973545,312980978838.09,10743.3328686285,28197185.0952381,2157.49991294842,88.0458571428572,5.6855999146189,15.4714285714286,NaN,0,0,0.69597317410116,32.5954773190538,"Venezuela, RB",1
1.79032814758204,158181385151.594,1731.24660683845,87309565.3809524,634.832691725195,30.5891428571429,4.23099290756952,38.0238095238095,NaN,25.4722467169365,0,0.879622374093994,59.8422903106096,"Viet Nam",0
0.00185203646904919,3934952380.95238,36443.6227283091,107993.238095238,NaN,94.4698095238095,NaN,2.47619047619048,NaN,0,0,0.662463488205046,99.337536511795,"Virgin Islands (U.S.)",0
4.51121685562038,63845157320085.4,8968.0900878782,7007929002.95238,1741.78876727595,51.3719976650667,4.17300636995406,17.3131202980231,NaN,39.3363430252106,12.8086969661697,4.58663962096934,65.7238887170855,"World",0
0.758618313004738,24450410569.0038,881.256390793638,27139466.1904762,218.493726383016,31.8919047619048,5.83514517829532,1.4,NaN,0,0,2.93733646682367,97.0744383882478,"Yemen, Rep.",0
0.265839797778998,16744969552.9454,1121.19916471149,14150033.047619,650.338374306246,39.449,2.95327621130716,87.4095238095238,19.4761904761905,2.32904011852476,0,2.07705550287551,3.57441808008239,"Zambia",0
0.86701033518976,15337465496.6648,1086.30662948747,13486248.8095238,456.640071343228,33.2278571428571,10.0006698206777,79.1571428571429,114,42.3267741100594,0,2.68010634171953,42.8235612509423,"Zimbabwe",0
